time,stable,spike,oscillating
0,0.803741166661265,0.6247523258388499,0.892662327894116
1,0.8629022193026789,0.6150572089172842,1.0206298359797168
2,0.8147639236986025,0.5502674601493792,1.0116409669348445
3,0.7999760406547859,0.5232196407653047,1.027082683442256
4,0.8168145934853592,0.639046309551687,1.0746276492778366
5,0.8106690663180135,0.5798063802896617,1.0815076394501086
6,0.7609281235215422,0.6587109254323611,1.0929563256318313
7,0.9242674586831977,0.6421566587041477,1.116770433292719
8,0.814285467991896,0.5861587762343168,1.0887341530530787
9,0.7492518486508001,0.5569821701636912,1.147446877197064
10,0.8266517082917051,0.6130183683068057,1.128548252012232
11,0.7714213963096737,0.5967039180536794,1.1875876860700696
12,0.8766610179761315,0.6587108132329101,1.3079471793815172
13,0.8183813789823641,0.5734586016866794,1.3042668954335455
14,0.8084864120045439,0.7115864652138895,1.2116882840745131
15,0.826472607449474,0.6142651160579429,1.2107849447868047
16,0.7903175376742206,0.6387907463838753,1.3237133258497247
17,0.7591106202780604,0.6403333752737917,1.3825478243768463
18,0.7316204574496523,0.5422411084071009,1.3225979367137417
19,0.8364725955449734,0.6595304530969421,1.3597068629856248
20,0.7568197121913546,0.6551370968640658,1.3539891521056437
21,0.8144258904543854,0.568624716699862,1.3620468833580046
22,0.8603622438447458,0.6465307826124104,1.4186121590772467
23,0.7852665587412465,0.5459443305762923,1.3427989444742867
24,0.7507198111234579,0.6006031338157382,1.4364424989533946
25,0.772491056182441,0.5813498205531175,1.4175271699180032
26,0.885863709968751,0.6302375656589186,1.4201211354082748
27,0.8744453187234092,0.6031185432526263,1.4018143779781083
28,0.8178280779106631,0.5094841560765517,1.4154076953110268
29,0.8315612617577264,0.5485083559633914,1.34911029622628
30,0.7649461271725733,0.637812056962668,1.3275876276899055
31,0.787121535784138,0.5756110591587734,1.3495699869059037
32,0.8720766928431958,0.5335725896826837,1.3426096002104082
33,0.8591688545217508,0.6832423184934121,1.340404859555154
34,0.8023674947288686,0.5822268541647168,1.2919864807136863
35,0.855407760474198,0.6534458170853941,1.309169190677302
36,0.9028117953477608,0.4896856930117419,1.3523363762405427
37,0.7846717692848119,0.48611093510494013,1.2219437374520468
38,0.7747062605016614,0.578914363093735,1.2769983544315398
39,0.7778599449424983,0.5954071967236717,1.2478378925355178
40,0.8435090767556798,0.6248273305299866,1.25339402657983
41,0.8406655242311499,0.5995815347481517,1.2131777172835199
42,0.8029592119668294,0.5579006748935255,1.1930249507336985
43,0.7274297419238624,0.6684879144582935,1.1971445561282656
44,0.7844120839057507,0.6478055180021128,1.07364741306427
45,0.801712232571514,0.6213982415343449,1.1308682572813153
46,0.7850094911546452,0.6446928953622177,1.0163935812445777
47,0.8657938399126535,0.6026607463345156,0.9636259299561383
48,0.8434499526272582,0.587387339224969,0.9423062490639424
49,0.7796986774858415,0.5418520549208847,0.9077080804884232
50,0.8498945010691397,0.5263193759502599,0.8151573199892772
51,0.8399777830964951,0.6997329588612105,0.8936576657137248
52,0.8508782167473744,0.6969742563680662,0.8639809428576082
53,0.7694237628364223,0.5534681056381506,0.7735026989002461
54,0.8112927881288559,0.5159845444488643,0.8798293940044892
55,0.828941293166976,0.578971238076237,0.7490879605720697
56,0.7502792933671106,0.5693150162437296,0.6390670853108495
57,0.8828068583489361,0.6447999875528073,0.7827763508256426
58,0.8398769638398565,0.5773976899207761,0.6425331967746039
59,0.8312246046599099,0.6228672916713897,0.569074686458481
60,0.821907549002557,0.5511496602544587,0.5898732905031888
61,0.82501306082268,0.6509096386178681,0.5982310553012639
62,0.7730436420105634,0.5975650758273668,0.5767524488079803
63,0.8714847872983827,0.5588963549590871,0.5503294250638612
64,0.8908468099650074,0.5904835309989415,0.5618578117056213
65,0.8267539533722661,0.60202298131531,0.48722780260992815
66,0.8039873062970904,0.5594701050279428,0.4458333856890104
67,0.737024121588822,0.6211264962562522,0.4870764297370097
68,0.7657197969105011,0.5736326116919425,0.4909983914942343
69,0.8310234520971718,0.5549529257324552,0.4342461479836087
70,0.8072034813932565,0.619994463632071,0.4253861258938403
71,0.788309546669582,0.5314295296604503,0.4275358742559245
72,0.7929909486079538,0.5970395834421673,0.49073651492235526
73,0.7413578683847228,0.5721197660875305,0.38626792064882626
74,0.7583986730170116,0.638444391540509,0.35397551102807523
75,0.8152918088277585,0.6540373776147079,0.3761436250303787
76,0.8365740015433978,0.5508230007302806,0.38207057833177527
77,0.7884661689925887,0.6286455360647425,0.3210144549514491
78,0.8666233577170304,0.6011762740304097,0.4167351192683994
79,0.7921883054978403,0.5892230360343689,0.4565176266092622
80,0.8526708186690085,0.6647819842850947,0.4332746100734069
81,0.7150033577558451,0.5377241194344129,0.40741971724054266
82,0.7170963158698755,0.6523709368436814,0.49331047924995786
83,0.7877527790266683,0.6039972588160122,0.4883926379851508
84,0.8225902158823347,0.6617233279613227,0.4729844567368851
85,0.7137881106187121,0.6684979794178196,0.48179480232175204
86,0.7516418224904783,0.6841029360177661,0.355738528331959
87,0.7395949706650925,0.61730042972416,0.4969324943682559
88,0.7609005714267746,0.6534176680878936,0.5285536508663061
89,0.7690474017133035,0.5405131279249213,0.5550099932471959
90,0.7405661809061285,0.6129753251521854,0.6293244082691257
91,0.8221903353395026,0.5307333584698664,0.7355253184865805
92,0.7581881734212624,0.6504478849122609,0.6441423923930174
93,0.7413489880791667,0.5673200542991108,0.6345675305409126
94,0.7775043057813998,0.5827938175664157,0.6996562322633125
95,0.764707603059762,0.5742274608816141,0.8360467751035636
96,0.7603765574960253,0.5651196085531591,0.8353192284897567
97,0.8004454021621634,0.6073530756204201,0.7708022958542936
98,0.8294102756865318,0.6160822158825314,0.8206866786817868
99,0.8257685348336408,0.6010778948363829,0.8571961766169072
100,0.8066355162171311,0.5617049005759621,0.904231383166339
101,0.7779186911715944,0.6432776470223972,0.8967780874370246
102,0.7521562413646004,0.6223684709523211,1.0014728248612992
103,0.848316828496319,0.6206037020557881,0.9447214199813202
104,0.8048191690172952,0.5804866810883241,1.0870829872220484
105,0.8027941703512458,0.5694057280636089,1.0464111945073558
106,0.8250987442189858,0.5765877139198676,1.0730211385112332
107,0.8154935742465912,0.5687137727466066,1.0824585677413578
108,0.8017294087330078,0.5987848248532418,1.134658074228719
109,0.792726130429916,0.6150006432107645,1.1267535694642845
110,0.8359152164453506,0.6840937442118789,1.1755259268380804
111,0.7436808890903426,0.6441718124446104,1.2746391575089369
112,0.8032800512092423,0.5305988351147121,1.3260367949173035
113,0.8284979600268128,0.5983605946045096,1.261787636492969
114,0.8243530060315986,0.6185200867979495,1.2035348414986005
115,0.8043736769180235,0.6407658076444368,1.228605399126174
116,0.8487877996750233,0.5873768028384085,1.482349388359769
117,0.825499005046324,0.5657355442751812,1.3019760421888393
118,0.8381059181121788,0.5782176481357428,1.39241496759986
119,0.7965511617255617,0.6750733938193242,1.3209691900805562
120,0.7540804693146004,0.6724247035290772,1.3804700339689049
121,0.8678458869857304,0.5227683769523401,1.3426495286787758
122,0.6544397677232713,0.6376567915066867,1.3816892495044177
123,0.9017658444562562,0.5035790048282232,1.4097627384728306
124,0.8505000406244838,0.5646180869255237,1.5267062677975234
125,0.774390702709311,0.7316306794261569,1.3852595462853008
126,0.8267263212998842,0.702709612188009,1.4281809527823857
127,0.8250995047397311,0.6155321132463889,1.3453356180390916
128,0.7471763149829004,0.5989211957186165,1.3753343929600585
129,0.8063724762000405,0.5679101723883249,1.3123053283249475
130,0.7925859864239536,0.6993152054501337,1.4122313281902197
131,0.7983435829698283,0.5964814453080052,1.3918006934987002
132,0.8140910433688815,0.6319154589892834,1.3322391752579317
133,0.7425035572775716,0.6082743974093585,1.3337755280237151
134,0.8368990484495227,0.5555565097358687,1.387525542645465
135,0.8254923186402673,0.5824056844107299,1.2732810468987044
136,0.7262214989873389,0.6379396501019853,1.2941396316542604
137,0.798772366028613,0.5916460152556673,1.2008694724740367
138,0.8685282463480171,0.6347919281120838,1.2577649338916663
139,0.7667965244746657,0.6136963487613909,1.1420887644370388
140,0.7831705916243912,0.6639270886197771,1.2532545636886991
141,0.7331371423265801,0.6468424937191548,1.1191210949816215
142,0.8873940623729442,0.6204874155503068,1.2207155720969376
143,0.7890156950150882,0.6320918492275487,1.096665914267465
144,0.8087413322389888,0.5217195632916001,1.0735624282177396
145,0.8033676196524513,0.6335871206217165,1.091877654693201
146,0.7899983941434991,0.5156589779450467,1.028766057315483
147,0.8791275212732688,0.5890337402421035,0.9822304717503048
148,0.7132390590037688,0.6346110067420776,0.8783455873144148
149,0.78765353165126,0.6694141494325917,0.9478286958539097
150,0.7554337810244636,0.5271411811684688,0.9428117376971468
151,0.8760491337509648,0.5396530394685214,0.7687124250283681
152,0.8318318169952,0.5122538119964639,0.7511631838149235
153,0.7509639611368254,0.5822130528819953,0.8708043620432615
154,0.76982976768513,0.5209362049532302,0.7095865653596766
155,0.8283558497075006,0.5103321624080842,0.732489121977308
156,0.8457706761727104,0.5951398882010992,0.7034507967050062
157,0.8152729528476332,0.5616554834337308,0.5843921226099691
158,0.8404699305835188,0.5931044196347173,0.6701994113559879
159,0.8466578956394777,0.6904305600326247,0.6038862024513046
160,0.8208147352721629,0.6677833518042299,0.6789767130070518
161,0.8359697711754471,0.6572758078783462,0.5808276919401487
162,0.7808967523738696,0.6027552991849102,0.5638647180445545
163,0.852275789573413,0.5973906404906135,0.539877830619249
164,0.669520960336726,0.5801626647579885,0.5096473269889547
165,0.8585161156736583,0.6044745287057061,0.4989664260405804
166,0.8061015208430113,0.5316410026257854,0.5097522564188615
167,0.8489620933155402,0.6922765330235807,0.5079119172665675
168,0.790878563054134,0.6064430172179699,0.44008651645571256
169,0.8188624227437851,0.5581566813107779,0.39406195572792024
170,0.8597557280526775,0.5876289015313593,0.4752112579015841
171,0.9107636937889299,0.6221726448223583,0.3868727157336826
172,0.7112104263756764,0.545754566562593,0.44306482338573094
173,0.8122883987339105,0.6408837636303966,0.5278602889245521
174,0.7765007653919529,0.5950135838489353,0.43457545092707844
175,0.8705022376768302,0.6546219236809769,0.5164776883998081
176,0.7836544975983527,0.5448092743848227,0.3930734608942793
177,0.759445531163609,0.46322619085359873,0.38226833541519084
178,0.7251984884372603,0.5937679035961745,0.4449925425562235
179,0.7797887103468422,0.6518037652634706,0.37968906348674314
180,0.9126855219859875,0.6163735985407094,0.4585836786808885
181,0.8080526070212143,0.6598962624594247,0.4338619443716513
182,0.8027893917707923,0.5797219211580964,0.44825873805296906
183,0.8426877094203572,0.6099465458849535,0.40966877936421686
184,0.7563717188128694,0.5734405844153272,0.4509253586251668
185,0.8252626654137949,0.6350422926134663,0.4033643581932151
186,0.8859965967418401,0.6196542608055832,0.5247452546452185
187,0.7888416295259534,0.5498424932964768,0.5563151396257985
188,0.7429236094124353,0.5781645279020774,0.5124773077087129
189,0.7922415348207921,0.593684935176729,0.5856055415924701
190,0.8099732961811947,0.5572073591716725,0.763771562829834
191,0.8284971817971604,0.6117253044943011,0.5389378070531529
192,0.8383916569697475,0.5811292843126266,0.6964512742949456
193,0.7696852642057654,0.5680627283863855,0.6370383685923646
194,0.7805534504446157,0.6426825111994193,0.7622578949338267
195,0.8052438649033633,0.6454070923827718,0.7740321527365228
196,0.8167559429190392,0.6474301239187373,0.6931457786195536
197,0.8477896597285575,0.5870467643623956,0.9569467369545918
198,0.8373650116482251,0.6007917222719791,0.8088258608989065
199,0.7724221192371182,0.6595399849260924,0.8758706875664739
200,0.9460979878220206,0.5671190894870949,0.8528397463921414
201,0.8064383279930492,0.6146283291246394,0.9286270833379715
202,0.7516062972398545,0.63854666055543,1.0010699640580012
203,0.8096013726673462,0.495723592645764,0.9631352091306905
204,0.8183561168076894,0.6814848647356674,1.0419540289117384
205,0.8551219023369009,0.6274489727722281,1.006177596728112
206,0.7928546526231548,0.6050438664147972,1.060385771540011
207,0.7975508853327645,0.582993268919321,1.155860977398438
208,0.774727090892538,0.6544445315613736,1.1628724994103807
209,0.7402082795218317,0.6915811320115954,1.1916455640614865
210,0.7203249202131435,0.600892263372852,1.1292698134296575
211,0.6751970516609269,0.5851116872793631,1.170471014097953
212,0.7652396569988658,0.6632614030452011,1.2693012982543732
213,0.8088821754335824,0.4918521378166482,1.318054895075411
214,0.9326916437349844,0.6307416410485359,1.3408475047587367
215,0.7372659917039175,0.4888680631578286,1.27290416430243
216,0.7973673327465924,0.6382887076989543,1.3164373404875578
217,0.8526808087632681,0.6214909666117732,1.2656936773065706
218,0.7368295889865834,0.6417101000088283,1.35812256365412
219,0.8457020307278156,0.5512948910221311,1.3573447278449833
220,0.8980945267080187,0.6780397025665753,1.3505995718040515
221,0.8217267894035798,0.6147371627367479,1.4003810837858972
222,0.7580371679111674,0.5669219370065337,1.4034570098324952
223,0.74071954335415,0.608205106887327,1.3543633462979139
224,0.6967204762125714,0.628330489709169,1.4281971077761564
225,0.7573805960312432,0.5828173389997274,1.5065283355326011
226,0.8006892272008238,0.6003993013672494,1.4111430937229859
227,0.797216326130695,0.5702496100740274,1.4006098694508762
228,0.710107789245264,0.6235109325287796,1.4297261912775487
229,0.8692242571126404,0.5593604002585741,1.4018830899720849
230,0.8256858910185569,0.5863951531674231,1.4460438510263884
231,0.7336689712339488,0.6605586911552151,1.3556953660701103
232,0.8463287288429742,0.5838877541974414,1.3608539872324594
233,0.8300874455173297,0.6698715362729254,1.3454787121247738
234,0.8522357008051483,0.586239811912085,1.3389431622279004
235,0.8299952662137152,0.5860492705170496,1.261904079130386
236,0.939814994357917,0.4774578891134022,1.2944891780726684
237,0.8152695788228618,0.6361769803127356,1.1940567805987692
238,0.7775104592267095,0.655003784883491,1.3079110674528722
239,0.7271094585435759,0.5114951799178528,1.2568377140056153
240,0.7575206756602063,0.5696694842712698,1.2280286615670744
241,0.7815932295099518,0.5420994411512714,1.228973009400966
242,0.7664745871334185,0.5857686267520488,1.1803993139203621
243,0.8427604207191549,0.5945529140066126,1.117108230079967
244,0.7651535541311653,0.5696075039427726,0.9586829761266755
245,0.7327182353341002,0.6880331651861618,1.0472865453349922
246,0.7847270046355624,0.5273190876049396,1.0860787506676641
247,0.8535761247603648,0.6150167552884231,1.0232858167829197
248,0.7809635405051569,0.5644813921639379,1.0377990570046391
249,0.8655930287043296,0.6504324538095242,0.9470544163468206
250,0.7236035975043479,0.5936654569781905,0.8733109681200868
251,0.8152632727615935,0.6052181554530559,0.9083553965420474
252,0.840419605733725,0.5255062317169613,0.7847704170447265
253,0.8132753488925913,0.6632691137145896,0.8123278055661183
254,0.7624626916182988,0.5948881690889448,0.7289212966833918
255,0.8428865017737386,0.6602332150774369,0.7407151858141305
256,0.7769339058890702,0.5485423032604932,0.7902939774064417
257,0.8447834114434761,0.6236323060629059,0.7477969343009258
258,0.7806064748690575,0.6365077018502737,0.6836743627241012
259,0.7654960760181567,0.5723867971119518,0.631359485414555
260,0.8486474521410037,0.6162347833891857,0.5996774936973138
261,0.8332406743126273,0.5289307060355392,0.5391999035806236
262,0.7737583798176269,0.5810534012288925,0.6001859139578516
263,0.8055566491913192,0.6253265003047761,0.5228849073203522
264,0.8384832879512097,0.6272114759108657,0.623031252458521
265,0.834770661621485,0.5922950190187819,0.5478892782859394
266,0.8768563329997221,0.6028909919278058,0.46895324717918274
267,0.7720079528491074,0.6117341541750413,0.38918101647230474
268,0.913528613886922,0.5393790019380595,0.48102984122880316
269,0.9190544939943175,0.625596747603507,0.30260407364868047
270,0.7338873086241215,0.5974469093197781,0.4044040031935787
271,0.7383964746533834,0.601999065332589,0.38383394532223675
272,0.7642348469055644,0.6465806053115151,0.45672604228574476
273,0.8125044868035851,0.5325487878079596,0.3687636854672271
274,0.8097385691839362,0.6057851592456945,0.3997813284182595
275,0.7582212237392922,0.615206499650046,0.47957320323635644
276,0.8159069816940716,0.6149625925102222,0.37277878745182846
277,0.8630017101509895,0.5596942352604817,0.4329291952331279
278,0.8163915445922848,0.6381308280631062,0.4604400117987584
279,0.8515876947323966,0.5982442422410065,0.408339315341728
280,0.8213085008278899,0.6480776626403432,0.32746542406314577
281,0.788932472594536,0.5138015433536108,0.37452457627211805
282,0.7639401899791133,0.6122640674832277,0.37589828362040584
283,0.7783370703417747,0.6136938268224931,0.4798396516238655
284,0.8641752553001404,0.6047027029449483,0.45282379177471793
285,0.8222558988411052,0.4967184518400655,0.5307431508961385
286,0.847008089821452,0.5433500064216396,0.5056820022630321
287,0.8365986056454753,0.5455293821886292,0.5457888901611988
288,0.7892199632753073,0.5203987309786653,0.5011691558165619
289,0.6786435246991315,0.6110591002010827,0.5868217385094042
290,0.7133395788187651,0.6135452453168584,0.5767788401404834
291,0.7127043812374001,0.6370805667384585,0.5672307538991546
292,0.7994053851117114,0.591829453324723,0.6317768264554338
293,0.7980215067420725,0.704491088039116,0.6344098975215321
294,0.8420785423449547,0.6006940171367471,0.634970337929316
295,0.7004070970476106,0.5936113238153051,0.7059419767669547
296,0.8916604258074341,0.5907668027031808,0.7662467079185568
297,0.7746251269883465,0.6877628226738006,0.8633503766710182
298,0.8031468886434882,0.5786376067035328,0.8453826977920414
299,0.7090372157766509,0.6201534821237044,0.7400645219678891
300,0.7332321097299566,0.5329238673097834,0.9183727276175386
301,0.8216231341472273,0.5106396493256358,0.8546565261260257
302,0.8146335952889667,0.5086212860807138,0.9958425184985167
303,0.7661895894818708,0.5462616247204304,0.948737760870918
304,0.7506500791605791,0.6913726207058559,1.023087958266458
305,0.69759903971722,0.5273928512986039,1.059420299869209
306,0.8365197920424197,0.6130442409139543,1.0732846901326685
307,0.8260639564611231,0.5981725848410406,1.1386330660895705
308,0.7984711696536163,0.5899659469228482,1.1279078666605455
309,0.8871864421236753,0.5482127495175346,1.1954431954208464
310,0.8523823888393206,0.6041546007709456,1.2237801084010744
311,0.7999387612384339,0.6137056704770928,1.206067502589821
312,0.7155398844165776,0.5896720958013164,1.1898386081770362
313,0.8239617238179828,0.6078245367853815,1.2971580356578118
314,0.8201447809112972,0.7113214706143619,1.3528478255731344
315,0.7535018548149996,0.6127002567416747,1.292266965847782
316,0.7847680218169952,0.5619563938675161,1.3859068306593942
317,0.8155248994222901,0.5343742985690966,1.3864867660023734
318,0.8120937739520903,0.6459332627037155,1.3821804248171383
319,0.8913149567725492,0.6205182018581764,1.4109417040766172
320,0.7040662077756502,0.6950536896754451,1.4038255330512632
321,0.9342634414989366,0.5919405242610234,1.472671924880717
322,0.7721462032754352,0.509292544017381,1.3324117514945613
323,0.7856960949184858,0.6350941224744332,1.3737490679475417
324,0.780380306028198,0.568828413697335,1.4514868562765018
325,0.8164843614798823,0.5936599307271049,1.3303175915417345
326,0.7300211241276567,0.5959902539578111,1.3804855549940922
327,0.868630174466959,0.5506605958494964,1.3617483349659112
328,0.9207783566327352,0.669949681599235,1.4298355183911349
329,0.8093890767829881,0.6199405162340883,1.3587300514714085
330,0.7946979042619468,0.6313912512731641,1.4819453404288176
331,0.8139353328189413,0.635979420884696,1.333257600180361
332,0.7372666318794904,0.5268649769535165,1.3188549899660393
333,0.7573750594423996,0.7230916445441192,1.3809664437910683
334,0.7851347232330711,0.5808296265631299,1.3658999830141667
335,0.8333456571984397,0.5437534234629436,1.2821625961182304
336,0.7940402239736796,0.5712838549966177,1.2021789757665011
337,0.8018594695007205,0.5016788553414985,1.2980284557386197
338,0.8060015646120192,0.6355705273497843,1.3186795033415568
339,0.7484413985746078,0.6663009455087598,1.1535740608114797
340,0.7608407485682995,0.6368478969831937,1.2058493193081603
341,0.8033141662341938,0.6297575685302796,1.164123731352228
342,0.7646907086142245,0.6914543621065189,1.158283523561657
343,0.7703004113435374,0.5942565328590347,1.1966299141964654
344,0.8059992953789908,0.6365179923330948,1.0610323050645751
345,0.744462853972927,0.6507384971908894,1.1296093411489723
346,0.7795021271967951,0.4864530876250975,0.9782591393766
347,0.7724659761526442,0.5917445879013171,0.977979461813909
348,0.7904826747792908,0.4866270715815074,0.8800397209677289
349,0.7485371425467684,0.6160999880081184,0.9380435783974677
350,0.8058192011316079,0.5700656563582278,0.9375959871876006
351,0.7280484635958256,0.6145967852340041,0.8751971604645501
352,0.8090350245470345,0.5604212103089539,0.8380753034626824
353,0.8447755184790652,0.6158776627014388,0.814598198938187
354,0.8395424349615159,0.5310219490150803,0.7993821875937803
355,0.8875921280066642,0.5883649657416747,0.76145808974856
356,0.7544359709591417,0.4965130773250433,0.7491308141867863
357,0.8309417944105721,0.5272007208652174,0.6148234186159742
358,0.7448607837508403,0.5896822925452563,0.7092085290793516
359,0.7631935550041138,0.6299573112141797,0.6548257963750049
360,0.7384022886697743,0.6700951575830406,0.5788418150215281
361,0.7918705610726918,0.5560238469595857,0.5658851960994485
362,0.8276147696491266,0.6335413877399495,0.607780525591627
363,0.7624518988117375,0.6594903526328499,0.6149995191901306
364,0.838276820681513,0.611849935729227,0.5493047326259928
365,0.7970188279605641,0.6487403032285598,0.5473116049703929
366,0.8730495270996379,0.6720882177842594,0.4723720070352483
367,0.773027949639793,0.5913063099974358,0.46253317863316196
368,0.8130682962413179,0.4895475774494815,0.3915971379937046
369,0.7695176073392914,0.6647899272099093,0.4934217838399796
370,0.7651253365231272,0.6337068405014593,0.4387006242996663
371,0.7654169200408942,0.5846753460987987,0.4607860099948422
372,0.8752730134643325,0.6053947354386504,0.39084187758212074
373,0.9255175778643647,0.5378321961773865,0.4137823153259985
374,0.8334090786710228,0.5579285489365777,0.49205411196311577
375,0.7591026737920695,0.5849022418331206,0.46254879882019134
376,0.7400034832002197,0.676930820909501,0.4228372256366328
377,0.7727725328113956,0.6757801962843141,0.4549073571522952
378,0.7867989529407872,0.641405287172901,0.3702052559299213
379,0.8321949516114452,0.6212701373937242,0.4029182395995966
380,0.8971628797580946,0.6080358643360066,0.40352233958157196
381,0.7334011806061954,0.6561357736863008,0.3988276465280155
382,0.734152187289543,0.6900768339740287,0.44125544150719237
383,0.86636695564831,0.6052803839871079,0.47217153206676193
384,0.7269089142704885,0.6577788291392517,0.48902545896521926
385,0.7787497507654441,0.5460240224551224,0.47928450735912004
386,0.6338063771509593,0.5914015436886388,0.5170142338537288
387,0.7711784779539861,0.6878364943967281,0.49566255271423615
388,0.7978295741405248,0.5914059970836278,0.5864666893018932
389,0.8566556881385105,0.5567308321326445,0.6012561127188458
390,0.767992290947337,0.5590397299898728,0.5843448458582001
391,0.8895306150260338,0.5496903914002675,0.6359822946702537
392,0.764157686815627,0.617379765817748,0.6530008436086924
393,0.849303241382497,0.5997621553586284,0.6955913254254416
394,0.8753755322845728,0.6394285942747169,0.642933901901128
395,0.85014774934285,0.5617455976851357,0.7480752266154713
396,0.7728848788810826,0.5611506272115461,0.7324600102815625
397,0.8226140409389903,0.6184881302610331,0.7611176759630902
398,0.8785395314662803,0.5654672861704687,0.8048424324090062
399,0.9164831662966807,0.6780973494485149,0.8727959556125636
400,0.8011837754159411,0.5983353419805039,0.8900389016776129
401,0.7990601427211909,0.5811718810079912,0.9472546796915623
402,0.7332881964017506,0.6585977493265525,0.970535632148734
403,0.8486298389977481,0.6320962804875941,1.0671536274297304
404,0.9225106436292885,0.6432920924998835,1.0602658575140331
405,0.7364842981298247,0.6448592472966399,1.026062142140333
406,0.8772198772500684,0.5868508794771518,1.0801321825942594
407,0.6935364283097218,0.6151612238865033,1.2020009936271285
408,0.7953331151550304,0.7036057908737472,1.1541655181383017
409,0.7256730839641093,0.6712546292505528,1.1843802558152767
410,0.8246256809317274,0.6054955280589904,1.2138128600404174
411,0.8597954582600925,0.6207394418093537,1.0925549647024086
412,0.7539943545064627,0.6790673417747444,1.2505922100786226
413,0.7739671414892447,0.6187621378032654,1.3014916492470694
414,0.8065298083270392,0.5643299626710792,1.2358006113238829
415,0.7447635641579572,0.5510153511186098,1.2386219619861332
416,0.7318446838247868,0.5559625411830625,1.3162379731059086
417,0.8640490993079021,0.6459830282581397,1.2996353828206453
418,0.7654722992975802,0.6402472826388748,1.387537499971067
419,0.9135803196587545,0.4752740993694865,1.2676565928685941
420,0.8165722257440192,0.6282347956391434,1.2859789114729725
421,0.7174675323229823,0.5537870283222804,1.3978808843049146
422,0.8112078576798494,0.5979840614937376,1.4114057930156032
423,0.8384427102154839,0.588258063327747,1.399041406458102
424,0.8286026867458687,0.5692498813633052,1.3405322933188897
425,0.7433907905610733,0.5459534138178137,1.4447379560532563
426,0.8146541803947515,0.5591929331685678,1.3457658427037644
427,0.92630375649556,0.5776520666779749,1.324352645578713
428,0.8462562674875338,0.6405780739429908,1.4051948016108193
429,0.7830651395651747,0.5399577399805786,1.391506243544372
430,0.819314733090611,0.6726055276994338,1.4295151925205922
431,0.8221223120610155,0.6428893668227104,1.3419840135106424
432,0.8504249040214251,0.6051614428425978,1.3868025396715202
433,0.7845699327343385,0.6681937294500528,1.3584889441891252
434,0.8464608845820145,0.5338251813899937,1.3363025558992976
435,0.8824971991009711,0.5487088897270349,1.2446150552655353
436,0.8709131965831763,0.5677829831670919,1.3129043471545323
437,0.7603685820588426,0.6278422147911112,1.199191260975774
438,0.7998297513635335,0.6147505085792969,1.2494539182364126
439,0.7830619847743729,0.5476337126565604,1.2818069632482656
440,0.8836008174773535,0.580052354783197,1.1842944364792645
441,0.8413906544942924,0.6056906891187316,1.1982094919654478
442,0.8126587420304269,0.5931080942524094,1.1279168512227902
443,0.7105099779551062,0.5992186252708765,1.1138688128535745
444,0.7165646724790382,0.6817281814315664,1.0442447392072574
445,0.8165378248239425,0.5367928810765297,0.9960944676733589
446,0.7936068119483037,0.5904059777706073,0.9670313115174316
447,0.8446732857898909,0.6998588678857793,1.0128978668658843
448,0.7884954334263075,0.5876491866656741,0.9642302758000244
449,0.7442966788171128,0.661947439371449,0.8911156467259899
450,0.7299747308472032,0.5825819297991527,0.9322966857821043
451,0.7789100356725079,0.5739350563257776,0.9092450162399185
452,0.8256146682583689,0.6130483780730036,0.8319889748116955
453,0.821798003419686,0.6427936283143543,0.8998236962423287
454,0.7144815042959985,0.5600992707928141,0.7682426218899145
455,0.7578854266843319,0.6139713120121579,0.7074503882977137
456,0.8610937408484968,0.591142351951522,0.7025345125724911
457,0.7279089926946113,0.6738274423902765,0.6994346737992895
458,0.7964628190020617,0.6237615750590069,0.5785487339921301
459,0.7790706884384534,0.5837439492188389,0.6335748441711965
460,0.7190820045993641,0.6093459579818998,0.6394273337989881
461,0.9184032992908955,0.6590068312259842,0.5382825778196179
462,0.8797408857400302,0.623114347975614,0.5128061800428648
463,0.7747312516006831,0.6261974382301432,0.5025120686674026
464,0.7791116912061612,0.6045267472511334,0.5230130546613849
465,0.8133603379566715,0.6881730596909081,0.5142154329276769
466,0.750481151349445,0.6557121137619328,0.4614849061066776
467,0.7820236957870117,0.6113503064538949,0.40856071803491667
468,0.7514964675179009,0.6123237639741526,0.39692787137474683
469,0.7632936762334239,0.5296840458014873,0.4103687310673455
470,0.8152716122828221,0.6014326013970532,0.5204776753601295
471,0.769983669256061,0.6541024404514856,0.37515826791625995
472,0.7515704047050437,0.5542714932910724,0.4270945289478998
473,0.8495036152920161,0.5629447642413556,0.502731205812913
474,0.7299830207725105,0.6073090823261903,0.37035926977638295
475,0.8384620470903461,0.5423674645702515,0.38821351813330535
476,0.8311224893733369,0.5820676157219897,0.429906446576144
477,0.7140660706761917,0.6227499694430956,0.3379944905137694
478,0.7731476852862849,0.6704728434808824,0.45205549309375037
479,0.8411287106678911,0.6438023542676865,0.4534369354428018
480,0.8352423516382316,0.5820224223347895,0.3352791393303341
481,0.7901144558291022,0.6393829486830138,0.49259437503362724
482,0.7899760336089883,0.5630410311750861,0.47755510485542435
483,0.7501255554626862,0.5561219586241166,0.5231299088729439
484,0.7565523153422679,0.727847174737218,0.5093749299054838
485,0.8756218570879418,0.6188204307770946,0.5515603339617456
486,0.8095032130674675,0.6705829624521814,0.538947588568814
487,0.8269930095371425,0.6452954484915663,0.5235784344880872
488,0.7854701120286796,0.6316472057215043,0.5615683432143819
489,0.8366887426029063,0.5434298145351669,0.5216905560122378
490,0.7368673469987419,0.6224731012530027,0.5485309656432031
491,0.8846912128758402,0.667483103265829,0.6984817035659769
492,0.7532019500704715,0.6295961141551671,0.6376735742956389
493,0.7220210769524757,0.6037304691511468,0.6468379892937293
494,0.805547798979576,0.6710611187998394,0.7704574111464838
495,0.7416143925209866,0.5834624908945912,0.8359785130746793
496,0.7556969011297161,0.6075649775401124,0.8040715980852153
497,0.6825420231180827,0.6052866778289139,0.8207510074876908
498,0.7876393311282451,0.5562455660031473,0.8984553060992193
499,0.8362588002222034,0.6638335348781776,0.8435049933182877
500,0.7753753738049771,0.640155216731083,0.9337692340898026
501,0.8118942124581713,1.7714538634180563,0.8480446641493697
502,0.7800518303944941,1.8415182514631183,0.8418280262458051
503,0.7249453389448707,1.7643341057466944,1.0029082197367256
504,0.8059868051709256,1.8016875786384094,1.1015541495359624
505,0.8050988759816513,1.7487715047752592,1.04115807188645
506,0.8288517414430218,1.8539693796390233,1.1260190354965705
507,0.8602102092161609,1.7828855717965923,1.0434488302655576
508,0.7464684369349888,1.7772122054167097,1.2107197401626895
509,0.7402321150914948,1.8705049095739106,1.173425666431431
510,0.7467553691943342,1.830592777011009,1.1855409780457775
511,0.8778263732059316,1.870851433348752,1.209167350987757
512,0.7834385051724132,1.726814105452617,1.257311896117174
513,0.8331434868096189,1.8057269535649059,1.1774616455951206
514,0.8255820708661612,1.8101738286421984,1.2902576869927693
515,0.7524159493219004,1.8247634503427574,1.3316616732558215
516,0.797703109399388,1.7901793321298065,1.3151771657619227
517,0.7954432850049957,1.8714026010416007,1.3221866457587668
518,0.7228310494735007,1.7992297893084532,1.3826961918494955
519,0.8232549246213283,1.772399680847306,1.328658576338335
520,0.7876382464933077,1.8245652265753918,1.3735361817480423
521,0.8176329298976457,1.814241601841697,1.4229169804621689
522,0.8086499452269479,1.8185213795537984,1.491518444976289
523,0.871999961539847,1.7566040401657188,1.3504291291917627
524,0.7196224922935549,1.7690510045909562,1.4374690536910792
525,0.8422690134211699,1.8297584771101945,1.4163385730560853
526,0.7956621836556158,1.9125855543236496,1.370315932209064
527,0.8277380626481537,1.7231390157927917,1.3023099696124367
528,0.8138456028070504,1.7896277308524509,1.423007567164644
529,0.7894191499630632,1.867973724651741,1.33855972366438
530,0.7925247804159405,1.8161653839620597,1.3705217552996518
531,0.8238965970668395,1.8683429217212972,1.3234683422979934
532,0.8894123188394211,1.7984954170839313,1.3260826803315746
533,0.8568773928179805,1.8055327823139393,1.331935259574429
534,0.8071473454915384,1.763432972483098,1.3510428452721752
535,0.7786417932447705,1.7607529820858396,1.3905221094485194
536,0.875293619160403,1.8280209819937807,1.282265319018394
537,0.7631704284953318,1.8112796034439504,1.2285167129257966
538,0.701951324752838,1.6986311943678012,1.2875759213037716
539,0.7869980697696023,1.7613437244073418,1.213808940927358
540,0.7678646768302421,1.7287715465306839,1.2238530535218581
541,0.7459621047942823,1.8782173795704442,1.202421158114882
542,0.8729959160044068,1.7761888175801304,1.10466496761777
543,0.7648202673443171,1.7918221001934056,1.0097336993608137
544,0.6864877543940762,1.7117632571899948,1.090256779276236
545,0.8027355290427978,1.7932236029379518,0.9861212958173985
546,0.828473399060354,1.776287692360984,0.9996431140402932
547,0.8008140628285451,1.7573240675229471,1.039578893368581
548,0.7922152030597073,1.8469945699357957,0.9555005834351215
549,0.8168162527577072,1.8106717259584284,1.0200837182571518
550,0.7817121539314642,1.7358012730579588,0.8456750717457544
551,0.8130692885157734,1.7117388525163875,0.9077948008404862
552,0.8171998971954875,1.830380502484943,0.8550154393903706
553,0.8915728415060606,1.842389858674882,0.8001443263359616
554,0.8019873714943504,1.7505834440495867,0.8008850505123446
555,0.8344046457662545,1.8238364590583034,0.7387686856224016
556,0.8633919314639116,1.7956694824368813,0.7089172952726677
557,0.803145977319734,1.74970462329979,0.677156540961255
558,0.8099319121846753,1.8588977422980064,0.7166063709442121
559,0.8874645390952717,1.8262709183906978,0.6347622548530675
560,0.8210465875165098,1.6989661390083266,0.5278153349853172
561,0.8147476721400569,1.8291509076678503,0.6558043704730371
562,0.8239358790117952,1.6787676533700866,0.6231177338732121
563,0.8187969872413288,1.80761794841117,0.5035173997642614
564,0.7728268224421875,1.7799807819347155,0.44345454986481075
565,0.8826161235735381,1.8668943778773381,0.5431429678285996
566,0.7988184741384031,1.7192036046150356,0.4080610299585039
567,0.7271711334044028,1.7919879198734943,0.37757243034660604
568,0.8152972412173802,1.8256999827271116,0.42229779530085537
569,0.8027359581050975,1.8519953013027235,0.4718154181235915
570,0.7828613080152543,1.7532888973171896,0.41867385928449125
571,0.859947612771546,1.7947840462521156,0.3567921937026127
572,0.773743344627973,1.9083904792058848,0.37420464927441893
573,0.8488274264497231,1.8329437979697587,0.3457651493825554
574,0.8051928593421094,1.8780742889153588,0.3027573002058656
575,0.79753945937117,1.7945438550511164,0.2889782018027288
576,0.8564816491515613,1.723638031212043,0.3337304638420937
577,0.8022776834996678,1.8408690955115763,0.37228071024876586
578,0.7671556905375885,1.7986445085986933,0.4693713828971633
579,0.806444289291855,1.7574597618732946,0.4173493616500418
580,0.7911827783347096,1.8197943746832699,0.438778145938803
581,0.8231436231553724,1.8189038723454594,0.4136280371487572
582,0.7690681767773424,1.8030574198506288,0.43830268632587666
583,0.8054912886268788,1.7202249095395077,0.4327083513289217
584,0.792629672460593,1.8444506901743867,0.45285972766439253
585,0.8384790065455284,1.789363390255385,0.5674278103229666
586,0.7774498750782645,1.8164266752337885,0.5517706225660711
587,0.7897727614616068,1.7419399482326854,0.5745328971033684
588,0.8381328029241798,1.7807987083416728,0.5021558228830558
589,0.7729479295575521,1.8448822850634585,0.5460774311104886
590,0.7869614159831312,1.7884269644539315,0.645283145178728
591,0.8003753610389139,1.7638578600838632,0.5458159783318959
592,0.8925955254574593,1.8278542462689595,0.7661349458184633
593,0.7645489846334761,1.7697943114477326,0.6040876378040416
594,0.841908950294851,1.7335670526628464,0.6846062922602731
595,0.8763205166381515,1.7514991528349109,0.6328839319348272
596,0.7937602998186429,1.8028748281494313,0.7239410213701108
597,0.7455476581755215,1.8488228406349767,0.7935483689652854
598,0.7721587090506903,1.7808818407728022,0.7855316943830347
599,0.7742269992006523,1.7417341966329498,0.7905816877275731
600,0.701412191794122,1.7736773922923408,0.8991560217632549
601,0.7111096486702992,1.9073115118564345,0.9613848147373373
602,0.7793850078740215,1.7883199738338826,0.9307307503460631
603,0.7932485744651371,1.7989748792803932,1.0469019035945668
604,0.8011342290911213,1.888941696770986,0.9839987532612576
605,0.8578063687357782,1.735933510367747,1.0446871076899464
606,0.7825302479154572,1.806591526943669,1.1269295617224824
607,0.7666654091921191,1.8671954739011216,1.141226940473408
608,0.7315310072086791,1.7989021840561723,1.1563267213100072
609,0.7353711314866478,1.7536649229079513,1.185343410543287
610,0.8293385062578855,1.7775351743740595,1.2197514734392845
611,0.8096974572752142,1.8178772223490578,1.2035362110402343
612,0.7354829369603828,1.7072736200845477,1.3045278554339732
613,0.8254871962665643,1.790308155405352,1.3405123845892604
614,0.8105502918697499,1.8640645854024174,1.293083629564914
615,0.7866387525022221,1.6961655328275465,1.3016641482295723
616,0.8148762506101662,1.7647762937457712,1.3155720186825322
617,0.7804017541320407,1.8426312928470143,1.3096612987482983
618,0.7836025950096871,1.8389605620220637,1.2495267296476031
619,0.7759197762261775,1.843868036457255,1.3785883279577673
620,0.8002922489925108,1.7944787790693444,1.3940036033527383
621,0.7826011757981886,1.7677327359702113,1.3110218289720534
622,0.8268255728326745,1.7461278623896563,1.437187442210137
623,0.7939330245198236,1.8181264779905866,1.3953722001613655
624,0.8143050012301024,1.8728126656137045,1.3783512041231225
625,0.8675836503448049,1.773118725545035,1.376128470070043
626,0.8067315891547668,1.8237391116497657,1.4523424594324184
627,0.8281218823893474,1.7569117402831038,1.3644209414469757
628,0.8300910409024662,1.80000918779291,1.318547094641895
629,0.8194710291934552,1.8511606181656224,1.4032865286207836
630,0.7083757301892795,1.8055465940889461,1.4586291741899384
631,0.827634717123895,1.7546591933322755,1.3881301781941295
632,0.7986142592266849,1.823707418908193,1.322791639243371
633,0.8159844894047222,1.8355383125926104,1.354951825071173
634,0.7548326895165123,1.7449955422986254,1.3627170146310696
635,0.835140174885262,1.690170386505438,1.3160217436079589
636,0.8479504523300557,1.7241663134536922,1.2649271444271803
637,0.7695192524836157,1.7557889935537803,1.291846285736039
638,0.8035841404273162,1.7756839193454512,1.1962183100846318
639,0.7180393939607401,1.7526466258294948,1.2198500701065074
640,0.7273885904869373,1.7568849066616794,1.0902720456693127
641,0.6842358784916278,1.8356110283037077,1.2656292866874261
642,0.8475987408903907,1.7990925969818543,1.1547831279081149
643,0.8791589648877149,1.786304769120526,1.1315941081413283
644,0.836618004716788,1.8359430548166926,1.1332315552025845
645,0.7688427009857131,1.8194479376027286,1.0315865047041408
646,0.7390056676346093,1.8108255316424402,1.0055868756240156
647,0.7791557686974444,1.7517766679299704,0.9856041405005297
648,0.7079884326793283,1.8467899648224297,0.9573700198422874
649,0.7201111069892459,1.745077816131416,1.0037706411572802
650,0.7872621044548904,1.8642273312577982,0.8681975006011821
651,0.8171640896542148,1.7757467669646665,0.95009150903559
652,0.7899440694233273,1.8217318725766734,0.7606594606041215
653,0.7967179930417133,1.824200330242755,0.8049884733092824
654,0.7548785151215543,1.838394393843106,0.723164064153745
655,0.7480646330356542,1.8394443422396736,0.7980606972787708
656,0.7275214116293048,1.8517115535719693,0.6767328851757701
657,0.8424371857543101,1.714267718663938,0.6093703857304903
658,0.701491571736337,1.7891124609810805,0.6123858352626446
659,0.8587456676248346,1.8072476679792902,0.633432700420893
660,0.8132920688035812,1.7069735222919986,0.5963617359915918
661,0.8534106550513774,1.8123844907565014,0.5661115981200545
662,0.847561722685635,1.803744847895569,0.5993254669277718
663,0.7756422084642299,1.771097772451497,0.5395758275685746
664,0.8255293641624672,1.8176949681399999,0.6129912945048065
665,0.7589024430238426,1.7368806134827313,0.49036814574552196
666,0.8411320434628987,1.8281911819366652,0.41778715545761425
667,0.7518560165415502,1.7582668451856454,0.3376775646149642
668,0.7687867779613985,1.8343207171390676,0.5272095028925612
669,0.7316007613149432,1.6962686324562484,0.41749379724746366
670,0.8382940327707322,1.8147828246885944,0.35310461177508673
671,0.887663078553991,1.8065336253132123,0.3921118395168949
672,0.688269629327743,1.836565071420347,0.413545355999739
673,0.8380390971078775,1.8121348565860806,0.41093998043714336
674,0.7512979684816411,1.8706638420388686,0.3770349049310932
675,0.8211539154983756,1.8098533531418346,0.3986244632644344
676,0.826786493079236,1.8099842468367964,0.3200290743086611
677,0.7251459701821314,1.8793428333958462,0.38332593769544304
678,0.7831520749601829,1.7609942223218353,0.4126189604915859
679,0.7829668495255974,1.7931867307976401,0.47992766867692205
680,0.8037039263145499,1.7638466341725958,0.3993674068751193
681,0.782926541162571,1.7940375884653774,0.4188384200572989
682,0.7493547846872995,1.7773933924225995,0.42934078715193924
683,0.8171570272834539,1.780151107954007,0.4641459180828798
684,0.7182874394485517,1.867540485098157,0.3751811461920512
685,0.8092336686444388,1.7448034567227255,0.49166129188400864
686,0.7808710493548476,1.817303438109345,0.5132949091139669
687,0.7691286480438989,1.8371276424094034,0.5347586770236116
688,0.8222653946830403,1.7375908648618428,0.5456731186722124
689,0.7425232162600996,1.6875734202936559,0.534293155123602
690,0.7985893693558873,1.8458512927273276,0.6612145892305455
691,0.8137129113451087,1.843453188649761,0.6306750159570119
692,0.7905980359997263,1.7492995725759017,0.6634693630306626
693,0.7480457507967386,1.82311991220799,0.6318603363506481
694,0.8427868253526405,1.7720470910917112,0.7078283345503722
695,0.7754435808102499,1.7600519310931042,0.7431911958223679
696,0.8033816439854218,1.771803882062639,0.7677804904560734
697,0.8628778022939889,1.8649494083388167,0.8606541937264027
698,0.8533046292662855,1.7306316535173936,0.8586095957098738
699,0.7327598624229693,1.800982829281001,0.856921926224987
700,0.7967368081705181,1.735105169072095,0.8772992281335918
701,0.7552865449914012,1.677349838134516,0.9072898227054281
702,0.8062030071839071,1.8219364605211468,1.0251407798803631
703,0.738661145019794,1.8513295534274117,1.042932485262364
704,0.7374661053612177,1.8358788942538429,0.9757082456166324
705,0.6703871475795076,1.829252525018488,1.0677301097303464
706,0.7185615724494165,1.8201119874228742,0.9985738825826547
707,0.7438181978255531,1.7633943796320137,1.050067102928274
708,0.8710122105920661,1.7962104691516756,1.1570833224758463
709,0.7638962765064721,1.8002496447897007,1.179483324421575
710,0.8286472682919457,1.869848396546066,1.1793441294415399
711,0.7374099390361786,1.802910366746979,1.198748013970723
712,0.8129880723401374,1.787212379366633,1.1961982740453148
713,0.7770699750794517,1.7910611841392168,1.2837781315735357
714,0.7779950315219852,1.737584257561347,1.174666276193414
715,0.9169212319603225,1.8383260986385066,1.3209056858372954
716,0.8292514998528749,1.86239362573497,1.3781244553058907
717,0.7949617910786353,1.7482742375802565,1.3401094337509494
718,0.9092526444562967,1.7642124613742551,1.2778578156021227
719,0.7973233210078715,1.7633099570031305,1.333505628573156
720,0.8429014544434044,1.7981721057533393,1.2913766677309104
721,0.7600597602859924,1.813918840051253,1.3825111314013119
722,0.7999827597015263,1.6704975691155326,1.354314135366917
723,0.8014710502984228,1.7573704177898066,1.3966836627299735
724,0.8092244192590463,1.75761960763268,1.513280338265423
725,0.7681074671799673,1.8704300436651387,1.3856909291034707
726,0.7114528763652369,1.828784074558526,1.3866456487623982
727,0.7712329238293459,1.7432184673096183,1.434484903173245
728,0.8658816983474029,1.8478856625225883,1.3980877793918127
729,0.7069199372951291,1.7254546188131177,1.4103653371162728
730,0.711593529214654,1.7630123729346112,1.3194731583280583
731,0.7200177202719829,1.786005439508335,1.3739485770441813
732,0.7790663878570936,1.8698923112811046,1.4071709451836643
733,0.7438785279274293,1.8007647606543218,1.3336170589945064
734,0.7096039624978451,1.8253129884451496,1.3740156809516797
735,0.7882369425089542,1.8776813503701004,1.3764775643955995
736,0.7484648424018668,1.8047928661845964,1.236220183668486
737,0.8508809677181848,1.8168008625133496,1.3397839228369162
738,0.8439973690745153,1.8323961348021514,1.2475903456013528
739,0.7889854553109398,1.7599138718920317,1.2589405984804831
740,0.7436105579378156,1.7730259143397828,1.1387096316747995
741,0.8150737809167478,1.807944353769441,1.1613310962217736
742,0.9029911990612404,1.7837274121218412,1.0881237755219983
743,0.8065907945984918,1.8115929377422368,1.0574143163690568
744,0.784942206855167,1.833041758702121,1.0939138100299761
745,0.7928670715727271,1.8228280053811203,1.0896535225041257
746,0.7886237480895436,1.793318878951876,0.9575924256360393
747,0.76288371286876,1.7989781295600318,0.9425339168199998
748,0.7643954920017492,1.7541092141693522,1.0500015886670553
749,0.8287592796940102,1.798811624457538,0.8278186578197628
750,0.825781026947202,1.8241274957340583,0.9325520506129235
751,0.8603231759153857,1.7950573237794423,0.9753950429347878
752,0.8336832221974124,1.845181238127938,0.8235128460957268
753,0.7748598192953454,1.769736104809704,0.8186698747755656
754,0.7944134421764525,1.828727857139827,0.7903272273959702
755,0.7837281862737374,1.88539470129229,0.873985753977468
756,0.8275075753565164,1.770041126628868,0.7375528045479907
757,0.8423977037321647,1.7662654828241997,0.6848068259578705
758,0.8916658354313052,1.6799311166396047,0.6233095388321154
759,0.8016420526860231,1.7207638082754424,0.6350298037210391
760,0.7542493949707036,1.807741087692206,0.6246855376577525
761,0.7524234507142248,1.7453832602413126,0.5477792530860015
762,0.8114242458535575,1.859354168038507,0.5661766065695703
763,0.7769296332403579,1.797102097844064,0.5246668770784426
764,0.7998594123713518,1.780924627521027,0.5239741553956332
765,0.7989989320210396,1.7260932281569847,0.5393745131740696
766,0.7479957764077166,1.8258953101802236,0.5413463613493218
767,0.9163000011528502,1.7671390260792121,0.40156549955595333
768,0.788746178116804,1.7198466519446705,0.45054600314481486
769,0.7661310565710402,1.8677717250589594,0.4469511533053807
770,0.8342778581640035,1.701151519570684,0.42209779798403674
771,0.8242999978878479,1.853070688212677,0.49252552510478426
772,0.7140425376633748,1.7185949109913672,0.3633862615460079
773,0.7653951164246202,1.8332307771516527,0.34125030418285857
774,0.741809397936252,1.7015223852462042,0.4106206554499643
775,0.756235368806131,1.8350609369050161,0.45286360835453227
776,0.8049337230225962,1.8418252595951186,0.48883275568828677
777,0.7792370944965072,1.9072675950918665,0.3544834525070336
778,0.7925602923085391,1.7075508122115035,0.3414752696297242
779,0.7995030349540911,1.763180125062765,0.3778988685637579
780,0.8702602451607043,1.7635249867362786,0.3741734567737998
781,0.7547910819464868,1.7795532493378172,0.4621514679944939
782,0.8252402826936037,1.842904898783259,0.4500093702291546
783,0.8102757205343843,1.8842963589070152,0.39090965517934473
784,0.8171572689740177,1.7439198900012796,0.4813331150434006
785,0.7855978988536525,1.6861166607403333,0.5078055688543278
786,0.6947797237348999,1.8388286200964223,0.5782809851417512
787,0.7762909844036924,1.777488740158798,0.5283163058817015
788,0.8057563969334711,1.798078667195184,0.5260050224931944
789,0.7325578721177741,1.766133082020357,0.6664481962825446
790,0.7668197426595258,1.8166959134421283,0.5887518228079719
791,0.8423401100245278,1.8395517580142788,0.612555299121645
792,0.8909073805068694,1.874502536817128,0.5942529735192686
793,0.8463233660968836,1.7930876028210598,0.5971884429349708
794,0.8017208008016712,1.8978642819696014,0.7104418600860163
795,0.7940555688463253,1.7157289672588645,0.7593103559287733
796,0.8632892420178577,1.7376582066056931,0.8207855900447352
797,0.754106134992866,1.8387303318994823,0.7717317854572243
798,0.8318277342892553,1.8100934258940065,0.8907778283502955
799,0.7859253507618877,1.8266472427511808,0.895812825764387
800,0.8949181883857811,1.7868080795959649,0.90712157038817
801,0.8242268619253702,1.8269077947678447,0.8884371032388699
802,0.7349643112232748,1.795158078841775,0.9029360530497098
803,0.7317609258133834,1.6961314828126115,0.9328213384675237
804,0.850930755968248,1.9069959500459164,1.0688081176179514
805,0.7708082794704088,1.695553458085888,1.0562105236874126
806,0.6974823341088286,1.9300569492227382,1.1081173832986744
807,0.7838209244757226,1.7697811228464164,1.1367623536775602
808,0.7480959022945626,1.8483815476142513,1.0191178479131957
809,0.7601683106312096,1.9159483527702879,1.2016528695373465
810,0.8211116161141051,1.8056007599451194,1.2146220479387773
811,0.7839136206741846,1.7890633080462182,1.2304269698541357
812,0.7667654693612718,1.791086877823981,1.3329452275264393
813,0.7745449210193684,1.8408423736164403,1.3222921769043903
814,0.6766120397922715,1.8590345689370245,1.316294770411573
815,0.7210410487024476,1.7949073858357187,1.3829574767862103
816,0.7514908967861578,1.8170214970421734,1.282692348096626
817,0.6815286838565183,1.7997439640425128,1.2781357036656553
818,0.7762908336174795,1.7347156862355402,1.3965231206683049
819,0.8653517162079085,1.7806337771372356,1.335554842257408
820,0.8273485934658065,1.7184833847469505,1.3616640039019834
821,0.7795390446866319,1.8354686580593769,1.2440159919385594
822,0.8339081151543779,1.7641285033681933,1.3002141686307447
823,0.7121701366395397,1.725393886795728,1.4172238162143547
824,0.7665274354239606,1.858586413664886,1.4243684562408534
825,0.7708928653943586,1.7491550251348478,1.3931012664283446
826,0.7868280472852609,1.732599196386278,1.3279041088235748
827,0.7691223611061548,1.800157165591898,1.4262721465297497
828,0.8032132110334167,1.8606245032520605,1.4496287714373908
829,0.8508804250813709,1.7839535355436378,1.3982369493570717
830,0.7604357063871018,1.7804203342001597,1.3541470762749845
831,0.7125277417307847,1.82042427003809,1.3560224537068781
832,0.827233210960974,1.7377760585092183,1.3166028328481747
833,0.7796090465344668,1.8484010695565323,1.2978113303935215
834,0.7864845271136098,1.7393339523229696,1.3051136381886677
835,0.8289821940726242,1.8450363687214482,1.4112708566944114
836,0.8045821161299463,1.878233801290474,1.251846842501146
837,0.7985812779773569,1.912830940782804,1.2809571325054587
838,0.7518659427166561,1.7805762101262967,1.2543666123264847
839,0.771040852788809,1.855602902912657,1.2038292736929832
840,0.8543197912663509,1.8386464437118792,1.1640499918843619
841,0.7573526742052994,1.8229026403932926,1.1663252566200313
842,0.6963288115014802,1.7592450196026979,1.151274235953001
843,0.8185791944977122,1.7978307790568158,1.1248778257912506
844,0.7469293433898082,1.7464090391013585,1.0983473106488406
845,0.7620420880081,1.8104107915306844,1.102726217597964
846,0.7888892718403149,1.7790612870652873,1.1116511652298322
847,0.8460908315578402,1.8375973857323669,0.9792262757861636
848,0.7045342697298145,1.7869158145717465,0.9518116946884183
849,0.8522372509042596,1.82324948099723,0.940670121979541
850,0.8828947550328774,1.7415761620538897,0.9048793661351653
851,0.7114469885474262,1.8154662296309796,0.9813644383163664
852,0.8061827166096558,1.8360913401579033,0.8605745450610408
853,0.7315544939589975,1.9072570471217318,0.8376092367356668
854,0.847135753759799,1.7872063222944437,0.7284409171510524
855,0.7522400133762609,1.7425495701671072,0.7405039678217322
856,0.8116103411375601,1.7522927849389376,0.7014940683283385
857,0.7988144387906926,1.7750018744611387,0.5988483870853104
858,0.8014530258635438,1.8783648375352044,0.7105157945013026
859,0.8583910985688237,1.8516451704857262,0.6636513499353207
860,0.8301819567792357,1.7454752213134022,0.5978127821845296
861,0.8050163264657345,1.8318590688348144,0.6066690422418606
862,0.7783861471827025,1.814264033679235,0.5371581270223339
863,0.7938791041867679,1.700851195486232,0.532238136701406
864,0.8520143507857703,1.851618719947478,0.5187851924418915
865,0.798230256229196,1.7846169488753671,0.4619918651646772
866,0.8597208304541285,1.7829124968050138,0.48654473640426465
867,0.7696096668832204,1.82755328995991,0.5007361392148166
868,0.8504442505100972,1.8857322539395043,0.4799528913945302
869,0.8150741304511954,1.7375992886078788,0.4837475811246021
870,0.7563236494053811,1.7870259952253678,0.45831861876869184
871,0.7381397374918676,1.8640559290064578,0.3980417856116879
872,0.8248796314784862,1.8436589760092235,0.4239382523522039
873,0.8331240567456668,1.8226702757080522,0.5110755061506075
874,0.7706534392885153,1.7563876117510169,0.4698063530341791
875,0.8059916112318525,1.8135615345690415,0.483861673656431
876,0.8420795975045687,1.7803651094936956,0.40503003784222535
877,0.8244858958786838,1.8580051834362747,0.4314046001349976
878,0.7847943514362199,1.7537541800027658,0.3729589427328811
879,0.7453061961678795,1.8563206833050812,0.4259068763247086
880,0.7568869977855058,1.727903624925181,0.3877761388684358
881,0.8904977668718956,1.8540594534935328,0.35754126668518
882,0.8029847878997557,1.796757062413855,0.3286820399550537
883,0.7959386544231153,1.7997518702478126,0.43137279088369407
884,0.788579474166871,1.8045264682291189,0.4820362050510058
885,0.7949376717551311,1.879938749411496,0.4431386118879052
886,0.7240944632619074,1.7809100501684811,0.4371463299853436
887,0.8500448281575618,1.7447234465114732,0.5610479358247917
888,0.805903085238868,1.8551032001079995,0.4162807721659093
889,0.8403811308657644,1.7775337476676427,0.5534429102920925
890,0.7077400505017998,1.7930290485907747,0.576175274666882
891,0.7597008879754089,1.8910279320881453,0.6369489148800596
892,0.8476848566945459,1.7868252604432444,0.6476071821589733
893,0.7890582551742114,1.7954726723906123,0.6600450187467205
894,0.8259127292751097,1.7921187768104148,0.7903247097848983
895,0.7685451776407272,1.7939900261943267,0.8029840568244818
896,0.7159740339281191,1.7517179274805799,0.8052953826543012
897,0.8122466375866093,1.7494162525063959,0.7972175905643096
898,0.8022722504426734,1.7774472661812801,0.8675350273677225
899,0.7709905288220105,1.7960528683091241,0.8742522763246751
900,0.8390446738848963,1.8185743090538786,0.9790338521838966
901,0.7011945911509249,1.780565028787808,0.9831987480603188
902,0.7483037741368272,1.83102058502294,0.9055269654378774
903,0.7814651948876049,1.806473546588469,0.9935947803079843
904,0.8356909982511573,1.8644117851012254,0.9983955566900562
905,0.7909407964768356,1.745904943544835,1.0232137818059475
906,0.8144995840608923,1.823246476763842,1.088900251966731
907,0.7882000247277225,1.886207102418283,1.0968668969401687
908,0.7865657813474587,1.7977794460201375,1.2272921398011292
909,0.7234512844176615,1.8078701893549016,1.2102062848950763
910,0.8271544252585559,1.810203152974397,1.167793087094986
911,0.8517487368544434,1.7942861405371404,1.2124312649691973
912,0.7935063914581114,1.7881472308858115,1.2767886989437802
913,0.7402774117222592,1.8108396325305294,1.3534142682758985
914,0.8505934701061654,1.776126459663616,1.3234620366210181
915,0.8412411456057669,1.8051084440923897,1.2255190773184879
916,0.842117324648033,1.852950807655301,1.3307003645622337
917,0.7778878701918436,1.7922451665961412,1.3014529994793647
918,0.8918001936331886,1.8597518581879064,1.3357984258439388
919,0.7646750190673473,1.7508215797863333,1.377694134362221
920,0.6920128572020277,1.86200785796463,1.315621471936634
921,0.7701740243105841,1.7909063347591565,1.39162875622705
922,0.7086271263613405,1.7316131794077183,1.4108327007025003
923,0.7879943197796367,1.9055047996643921,1.4076522930738111
924,0.8311079875827454,1.776996092398453,1.479422102418102
925,0.8644268006124963,1.8577326805415573,1.3404274760010355
926,0.801312726347904,1.824052369097498,1.3166234171608162
927,0.8415066148881302,1.9148376256440005,1.465604046098589
928,0.7570749815802089,1.7634893242829601,1.4247586268074262
929,0.8156457286363497,1.7988358593215288,1.3257669529545204
930,0.7734083225607628,1.8182383623420428,1.308552703668884
931,0.7606839544047127,1.7822896659607643,1.3725375985617636
932,0.8154470618477198,1.7954865285590127,1.3771702434379434
933,0.7192723450703347,1.7861335489600882,1.3936947349310693
934,0.8524436662693267,1.8613096602179624,1.2380705697090648
935,0.8592760868803532,1.7400698726975754,1.3131164645181448
936,0.7528850644869842,1.8250009885278968,1.233780579353697
937,0.8102605902820981,1.7540979039165763,1.2911424228665926
938,0.8364824541387925,1.6981378653527262,1.26940521847996
939,0.803057311661733,1.7484053926387795,1.256754284430758
940,0.8575087380983374,1.7407635800477108,1.1819224314385033
941,0.7228600494970558,1.770730820590088,1.1350118690457731
942,0.715732747144759,1.7627578514801943,1.1770535753020048
943,0.9065949302536817,1.7694378027568196,1.1643713037826242
944,0.711687411507575,1.7693654586115617,1.0758321267316109
945,0.8192933149632178,1.8144761664851203,1.0373679449524964
946,0.8055645198139453,1.8212529014431826,1.0813045621369952
947,0.7501649660574695,1.856745702391777,1.029596077531206
948,0.8355269628992038,1.7982098747369495,1.0024341088355593
949,0.7678841728101378,1.7538554612082455,0.927805882726091
950,0.9099027322941605,1.7797034660180227,0.8900205988588314
951,0.8888254106772757,1.894768432214684,0.9319188591795611
952,0.7533414078066952,1.8515963228669898,0.8815769905720007
953,0.8846505056728381,1.7775905670839407,0.8107236591408399
954,0.8160565230368003,1.7936827702929614,0.8236458237483008
955,0.7610259856359056,1.8511746139745016,0.7687774922656364
956,0.729166966442997,1.754741015776439,0.7890020130893342
957,0.8591913110772801,1.808263065517436,0.6369656234822756
958,0.7283753618318352,1.7761096691475426,0.639335208439173
959,0.8767786237103146,1.7835536434295987,0.6835332686069969
960,0.8443673523484188,1.7701038542014311,0.6321962165438256
961,0.7955688376886322,1.796840375711255,0.4958373275132332
962,0.8078328128678613,1.7908765208286817,0.5931696813297056
963,0.8611873883692702,1.7695415352454051,0.5562331092906841
964,0.8128188421340492,1.8091872776064999,0.47003673943867536
965,0.7530784522643282,1.7346342643040775,0.5307891772592508
966,0.7935840080726146,1.84759318526168,0.39720737162058944
967,0.7758499212485049,1.8991706817371745,0.43960967145915814
968,0.8574172521425198,1.8070444723707246,0.4908029891641458
969,0.8419444403556269,1.853449460494197,0.3314851551110769
970,0.7586049629095658,1.801555111650996,0.510847629798638
971,0.712509530546675,1.7894444361056607,0.38285336324881164
972,0.791976674330354,1.8420888414375218,0.2657169408457849
973,0.7863252945612226,1.734374317332589,0.3531288488602157
974,0.7860914157488739,1.7550935755817243,0.3233435430629955
975,0.7219325297132106,1.8316032998028806,0.4233853929184171
976,0.8179580709683876,1.7642993972556713,0.33704802698382286
977,0.7169250662938507,1.8515938745027296,0.37694948671589096
978,0.7458319030347782,1.7256811964285363,0.4390011172973995
979,0.7890845610666483,1.7669952736141792,0.38079484695436866
980,0.841622951259169,1.8748731539479866,0.4317023824469867
981,0.76196811197786,1.763127040622494,0.4505046678736979
982,0.85758534685432,1.8233494092762197,0.4575669315218898
983,0.8199171003044137,1.842949727416637,0.5198106665288069
984,0.7876960675223762,1.7060828964629484,0.41530714520311185
985,0.771258393906868,1.7236946999937972,0.5054494776600335
986,0.872864247085997,1.7995640584390808,0.5047486143752096
987,0.7689272795492719,1.83577543571966,0.6141765227777861
988,0.7562964750858971,1.8123770191554975,0.5815929976048891
989,0.8125981376451438,1.7247744987608715,0.6088937801885728
990,0.7557014966552039,1.720649002633115,0.6364389027275275
991,0.8058748210397367,1.7527530449807127,0.6286211686196148
992,0.8142929195599273,1.8136017024284028,0.6179451547282269
993,0.8174727570429091,1.7606676325931496,0.7631754138757102
994,0.801280352829425,1.841457776814284,0.7324668624345664
995,0.8337884873157164,1.7909242344779812,0.7977268300116642
996,0.7977334284218175,1.9097002875569073,0.7689617327391262
997,0.7840300296768272,1.7464737518775315,0.8089050104728285
998,0.8462099185858717,1.8220499522153346,0.8035323302802833
999,0.8488581463519099,1.7942480102960767,0.9636380584519244
